id,first_name,last_name,email
93877848,Bryan,Sellers,larsenjennifer@hotmail.com
9753518,James,Bradley,xpratt@flores.org
14841859,Lisa,Fernandez,briana71@yahoo.com
65934234,Lori,Johnson,cesarshelton@gmail.com
20186845,Aimee,Young,marcia69@vasquez.info
51591793,Crystal,Bruce,dave35@cook.com
30989108,David,Lopez,davismartha@gmail.com
90321733,Jessica,Brown,christine41@gmail.com
45620874,Benjamin,Garcia,howardjessica@hotmail.com
92302259,Alyssa,Wilson,alexander69@hotmail.com
45642807,Stephen,Miller,dennis75@yahoo.com
59924661,Maria,Miller,ernest37@yahoo.com
96069608,Gabriel,Brown,nicoleodonnell@yahoo.com
754705,Lisa,Golden,keycynthia@gmail.com
20665036,Alexis,Fischer,cheryl31@yahoo.com
34421765,Courtney,Johnson,nwilson@yahoo.com
51240004,Jamie,Green,ashleyatkinson@ali.biz
76582363,Brenda,Smith,kristinehiggins@oliver-williams.com
94568240,Danny,Cross,melodychandler@gmail.com
54611870,Thomas,Randall,timothylyons@yahoo.com
45229619,Cameron,Miller,smithphillip@yahoo.com
77936158,Jeffrey,Duarte,leedanny@hotmail.com
8731760,Jonathan,Davidson,fhanson@yahoo.com
58219720,Anne,Little,erin57@reid.org
5550821,Nancy,Morrison,kellymccarthy@marsh-black.org
13204075,Mark,Martin,tanya86@shaw.net
91634894,Robert,Kaufman,mlawson@hotmail.com
248945,Marvin,Snyder,tbarton@martin-walls.com
50076277,Pamela,Guzman,lisa56@owens.com
20099251,Daniel,Dunn,kimberlyhenry@bishop.com
19426419,April,Floyd,nwallace@clarke-jones.com
7408991,Nancy,Hall,aburton@yahoo.com
84126962,Sandra,Walls,ayalajessica@griffin.com
54151154,Heather,Reed,thall@thomas-smith.biz
10450932,Michele,Lopez,susananderson@cox.org
85291188,Beverly,Moore,qbrock@gmail.com
24560290,Andrew,Miller,andreayang@henderson.com
75806606,Robert,Chandler,carterthomas@hogan.biz
76266232,Susan,Peterson,crystalmiller@hotmail.com
40797038,Kenneth,Mack,eric71@hotmail.com
38640148,Nicole,Williams,bonnie67@king.info
39101440,Amanda,Wilson,dgill@hotmail.com
48298384,Daniel,Sosa,rebecca44@yahoo.com
92211667,Brittany,Taylor,thomasperry@yahoo.com
85707429,Julie,Williams,ruizpamela@gmail.com
81160501,Darren,Smith,kelly32@roberts.com
25662726,Alexandria,Anderson,kristinaprice@hotmail.com
63373905,Rebecca,Johnson,mcox@hotmail.com
